{"Result Visualization": {"_type": "images/separated", "width": 320, "height": 320, "format": "png", "count": 4, "filenames": ["media/images/Result Visualization_28_de8bf73cb98f61bb2c61.png", "media/images/Result Visualization_28_516e91f1063144aceb11.png", "media/images/Result Visualization_28_ac4f2a73d3b89015d6a5.png", "media/images/Result Visualization_28_800d92ac48dec3fa96fd.png"], "captions": ["image", "CAM_1", "pseudo-mask", "GT"]}, "_timestamp": 1651405470, "_runtime": 2541, "_step": 29, "Val mIoU": 0.5649242561085677, "Recall": 0.6419300633092941, "Precision": 0.8017567193483136, "Train Acc": 0.4979209979209979, "Train Avg Loss": 0.2570673799868501, "Val Avg Loss": 0.12827536013852703, "Val Acc": 0.6612021857923497, "Val Pixel Acc": 0.8740992427830659, "gradients/gap.weight": {"_type": "histogram", "values": [1.0, 0.0, 4.0, 5.0, 4.0, 3.0, 3.0, 7.0, 4.0, 4.0, 10.0, 26.0, 27.0, 42.0, 64.0, 77.0, 125.0, 179.0, 262.0, 375.0, 592.0, 910.0, 1372.0, 2172.0, 3080.0, 3271.0, 2440.0, 1659.0, 1136.0, 793.0, 575.0, 391.0, 278.0, 178.0, 107.0, 93.0, 66.0, 49.0, 28.0, 18.0, 11.0, 7.0, 9.0, 5.0, 4.0, 2.0, 2.0, 1.0, 1.0, 3.0, 2.0, 1.0, 0.0, 0.0, 0.0, 0.0, 1.0, 0.0, 0.0, 0.0, 0.0, 0.0, 0.0, 1.0], "bins": [-0.004760561045259237, -0.004571383818984032, -0.004382207058370113, -0.004193030297756195, -0.0040038530714809895, -0.0038146760780364275, -0.0036254990845918655, -0.0034363220911473036, -0.0032471450977027416, -0.0030579681042581797, -0.0028687911108136177, -0.0026796141173690557, -0.002490437123924494, -0.002301260130479932, -0.00211208313703537, -0.001922906143590808, -0.001733729150146246, -0.001544552156701684, -0.001355375163257122, -0.00116619816981256, -0.0009770211763679981, -0.0007878441829234362, -0.0005986671894788742, -0.00040949019603431225, -0.0002203132025897503, -3.113620914518833e-05, 0.00015804078429937363, 0.0003472177777439356, 0.0005363947711884975, 0.0007255717646330595, 0.0009147487580776215, 0.0011039257515221834, 0.001293102279305458, 0.00148227927275002, 0.001671456266194582, 0.001860633259639144, 0.002049810253083706, 0.002238987246528268, 0.00242816423997283, 0.0026173412334173918, 0.0028065182268619537, 0.0029956952203065157, 0.0031848722137510777, 0.0033740492071956396, 0.0035632262006402016, 0.0037524031940847635, 0.0039415801875293255, 0.004130757413804531, 0.004319934174418449, 0.004509110935032368, 0.004698288161307573, 0.004887465387582779, 0.005076642148196697, 0.0052658189088106155, 0.005454996135085821, 0.005644173361361027, 0.005833350121974945, 0.006022526882588863, 0.006211704108864069, 0.006400881335139275, 0.006590058095753193, 0.006779234856367111, 0.006968412082642317, 0.007157589308917522, 0.007346766069531441]}, "_wandb": {"runtime": 2542}}