{"Result Visualization": {"_type": "images/separated", "width": 320, "height": 320, "format": "png", "count": 6, "filenames": ["media/images/Result Visualization_4_89e119be63e7f1be0a85.png", "media/images/Result Visualization_4_98440727a8ee07b401fd.png", "media/images/Result Visualization_4_928e27312407e459f8cf.png", "media/images/Result Visualization_4_8f0597a905a3e8dbf62e.png", "media/images/Result Visualization_4_8b08e9dc990bf6ea0f7b.png", "media/images/Result Visualization_4_e7ca1bc1c9ef5df69118.png"], "captions": ["image", "CAM_1", "CAM_2", "CAM_3", "pseudo-mask", "GT"]}, "_timestamp": 1651403440, "_runtime": 511, "_step": 5, "Val mIoU": 0.5684946000382342, "Recall": 0.6477525688268361, "Precision": 0.799130278701036, "Train Acc": 0.4607142857142857, "Train Avg Loss": 0.2753210571758059, "Val Avg Loss": 0.15369237291682614, "Val Acc": 0.6270491803278688, "Val Pixel Acc": 0.8746655540276751, "gradients/gap.weight": {"_type": "histogram", "values": [1.0, 2.0, 2.0, 3.0, 2.0, 2.0, 5.0, 3.0, 4.0, 7.0, 14.0, 23.0, 28.0, 46.0, 70.0, 85.0, 167.0, 263.0, 342.0, 509.0, 793.0, 1080.0, 1378.0, 1686.0, 2069.0, 2091.0, 2004.0, 1777.0, 1540.0, 1190.0, 908.0, 715.0, 488.0, 359.0, 259.0, 197.0, 111.0, 84.0, 70.0, 38.0, 16.0, 17.0, 8.0, 6.0, 2.0, 6.0, 3.0, 3.0, 2.0, 0.0, 1.0, 0.0, 0.0, 0.0, 0.0, 0.0, 0.0, 0.0, 0.0, 0.0, 0.0, 0.0, 0.0, 1.0], "bins": [-0.006007513962686062, -0.005775485187768936, -0.005543456878513098, -0.005311428103595972, -0.005079399794340134, -0.004847371019423008, -0.004615342244505882, -0.0043833134695887566, -0.004151285160332918, -0.0039192563854157925, -0.003687228076159954, -0.0034551993012428284, -0.0032231707591563463, -0.0029911422170698643, -0.0027591134421527386, -0.0025270849000662565, -0.0022950563579797745, -0.0020630278158932924, -0.0018309991573914886, -0.0015989704988896847, -0.0013669419568032026, -0.0011349134147167206, -0.0009028847562149167, -0.0006708560977131128, -0.0004388275556266308, -0.00020679895533248782, 2.522964496165514e-05, 0.0002572582452557981, 0.0004892868455499411, 0.0007213153876364231, 0.000953344046138227, 0.0011853727046400309, 0.001417401246726513, 0.001649429788812995, 0.0018814584473147988, 0.0021134871058166027, 0.0023455156479030848, 0.002577544189989567, 0.0028095729649066925, 0.0030416015069931746, 0.0032736300490796566, 0.0035056585911661386, 0.0037376871332526207, 0.003969715908169746, 0.004201744683086872, 0.0044337729923427105, 0.004665801767259836, 0.004897830076515675, 0.0051298588514328, 0.005361887626349926, 0.005593915935605764, 0.00582594471052289, 0.0060579730197787285, 0.006290001794695854, 0.00652203056961298, 0.006754059344530106, 0.006986087653785944, 0.00721811642870307, 0.007450144737958908, 0.007682173512876034, 0.00791420228779316, 0.00814623013138771, 0.008378258906304836, 0.008610287681221962, 0.008842316456139088]}}