{"Result Visualization": {"_type": "images/separated", "width": 320, "height": 320, "format": "png", "count": 4, "filenames": ["media/images/Result Visualization_2_5d32ec9b3c7004b85f3c.png", "media/images/Result Visualization_2_2ed2754a8a24706f055b.png", "media/images/Result Visualization_2_aa57489ed3f75161188b.png", "media/images/Result Visualization_2_ab15bacc1ae27b855909.png"], "captions": ["image", "CAM_1", "pseudo-mask", "GT"]}, "_timestamp": 1651412466, "_runtime": 308, "_step": 3, "Val mIoU": 0.568126593732017, "Recall": 0.6378846370090349, "Precision": 0.8215670793642424, "Train Acc": 0.425, "Train Avg Loss": 0.31362208797809554, "Val Avg Loss": 0.17128762407381026, "Val Acc": 0.6352459016393442, "Val Pixel Acc": 0.8766323028614779}