{"Result Visualization": {"_type": "images/separated", "width": 320, "height": 320, "format": "png", "count": 5, "filenames": ["media/images/Result Visualization_28_8086a59f6505f1174f56.png", "media/images/Result Visualization_28_832271ab5f56e359292a.png", "media/images/Result Visualization_28_f760bd865f29a3ee4ae2.png", "media/images/Result Visualization_28_44af05cd356a25023b2d.png", "media/images/Result Visualization_28_cbcc7250620b597eba30.png"], "captions": ["image", "CAM_1", "CAM_2", "pseudo-mask", "GT"]}, "_timestamp": 1651427282, "_runtime": 3542, "_step": 29, "Val mIoU": 0.10508250821281748, "Recall": 0.11922882574102453, "Precision": 0.9018270257930002, "Train Acc": 0.549025974025974, "Train Avg Loss": 0.1765675019015889, "Val Avg Loss": 0.15343170234414397, "Val Acc": 0.6229508196721312, "Val Pixel Acc": 0.773349481900414, "gradients/gap.weight": {"_type": "histogram", "values": [1.0, 0.0, 0.0, 0.0, 1.0, 1.0, 0.0, 0.0, 1.0, 1.0, 1.0, 0.0, 0.0, 1.0, 0.0, 2.0, 2.0, 1.0, 1.0, 1.0, 0.0, 1.0, 3.0, 3.0, 3.0, 6.0, 3.0, 6.0, 8.0, 16.0, 28.0, 40.0, 81.0, 183.0, 401.0, 1014.0, 2630.0, 5616.0, 8029.0, 6447.0, 3540.0, 1503.0, 608.0, 261.0, 111.0, 59.0, 24.0, 31.0, 15.0, 10.0, 8.0, 3.0, 4.0, 4.0, 2.0, 2.0, 0.0, 0.0, 1.0, 0.0, 0.0, 0.0, 0.0, 2.0], "bins": [-0.015076549723744392, -0.014687446877360344, -0.014298344030976295, -0.013909241184592247, -0.013520138338208199, -0.01313103549182415, -0.012741932645440102, -0.012352829799056053, -0.011963726952672005, -0.011574624106287956, -0.011185521259903908, -0.01079641841351986, -0.01040731556713581, -0.010018212720751762, -0.009629109874367714, -0.009240007027983665, -0.008850905112922192, -0.008461802266538143, -0.008072699420154095, -0.007683596573770046, -0.007294493727385998, -0.006905390881001949, -0.006516288500279188, -0.00612718565389514, -0.005738082807511091, -0.005348979961127043, -0.004959877114742994, -0.004570774734020233, -0.004181671887636185, -0.0037925688084214926, -0.0034034661948680878, -0.0030143633484840393, -0.0026252614334225655, -0.002236158587038517, -0.0018470558570697904, -0.0014579531271010637, -0.0010688502807170153, -0.0006797474343329668, -0.000290644820779562, 9.845802560448647e-05, 0.00048756087198853493, 0.0008766636601649225, 0.00126576644834131, 0.0016548691783100367, 0.002043972024694085, 0.0024330748710781336, 0.0028221774846315384, 0.003211280331015587, 0.0036003831773996353, 0.003989486023783684, 0.004378588870167732, 0.004767691716551781, 0.005156794562935829, 0.005545897409319878, 0.005934999790042639, 0.006324102636426687, 0.006713205482810736, 0.007102308329194784, 0.007491411175578833, 0.007880513556301594, 0.008269616402685642, 0.00865871924906969, 0.00904782209545374, 0.009436924941837788, 0.009826027788221836]}, "_wandb": {"runtime": 3544}}