{"Result Visualization": {"_type": "images/separated", "width": 320, "height": 320, "format": "png", "count": 5, "filenames": ["media/images/Result Visualization_28_9cd03683e0df98aecfbe.png", "media/images/Result Visualization_28_4198eecfb4f276239207.png", "media/images/Result Visualization_28_b744a4dc16d5b66bdb09.png", "media/images/Result Visualization_28_04f58ea8e330b74efa12.png", "media/images/Result Visualization_28_48815d2e19e933207680.png"], "captions": ["image", "CAM_1", "CAM_2", "pseudo-mask", "GT"]}, "_timestamp": 1651479305, "_runtime": 5499, "_step": 29, "Val mIoU": 0.6054763611370058, "Recall": 0.6614596865918002, "Precision": 0.8551340568866886, "Train Acc": 0.820021645021645, "Train Avg Loss": 0.03136820327564497, "Val Avg Loss": 0.026733156660052597, "Val Acc": 0.8408469945355191, "Val Pixel Acc": 0.8941460199775313, "gradients/gap.weight": {"_type": "histogram", "values": [1.0, 0.0, 0.0, 0.0, 1.0, 0.0, 0.0, 0.0, 0.0, 0.0, 2.0, 3.0, 3.0, 0.0, 1.0, 6.0, 6.0, 9.0, 12.0, 12.0, 19.0, 25.0, 34.0, 45.0, 85.0, 107.0, 186.0, 325.0, 541.0, 918.0, 1587.0, 3731.0, 25466.0, 3887.0, 1752.0, 930.0, 532.0, 273.0, 170.0, 99.0, 56.0, 41.0, 31.0, 18.0, 11.0, 9.0, 6.0, 4.0, 2.0, 2.0, 1.0, 1.0, 1.0, 1.0, 3.0, 0.0, 0.0, 2.0, 0.0, 1.0, 0.0, 1.0, 0.0, 1.0], "bins": [-0.003879788564518094, -0.0037602968513965607, -0.0036408049054443836, -0.0035213131923228502, -0.003401821246370673, -0.00328232953324914, -0.0031628375872969627, -0.0030433458741754293, -0.002923854161053896, -0.0028043624479323626, -0.0026848705019801855, -0.002565378788858652, -0.002445886842906475, -0.0023263951297849417, -0.0022069034166634083, -0.0020874114707112312, -0.001967919524759054, -0.001848427695222199, -0.0017289358656853437, -0.0016094441525638103, -0.0014899522066116333, -0.0013704604934901, -0.0012509686639532447, -0.0011314768344163895, -0.0010119850048795342, -0.000892493175342679, -0.0007730013458058238, -0.0006535095744766295, -0.0005340177449397743, -0.00041452591540291905, -0.00029503414407372475, -0.00017554231453686953, -5.6050485000014305e-05, 6.344132998492569e-05, 0.00018293314496986568, 0.00030242494540289044, 0.00042191677493974566, 0.0005414086044766009, 0.0006609003758057952, 0.0007803922053426504, 0.0008998840348795056, 0.0010193758644163609, 0.001138867693953216, 0.0012583595234900713, 0.0013778512366116047, 0.0014973431825637817, 0.0016168348956853151, 0.0017363267252221704, 0.0018558185547590256, 0.001975310267880559, 0.002094802213832736, 0.0022142939269542694, 0.0023337858729064465, 0.00245327758602798, 0.0025727692991495132, 0.0026922612451016903, 0.0028117531910538673, 0.0029312449041754007, 0.0030507368501275778, 0.003170228563249111, 0.0032897205092012882, 0.0034092122223228216, 0.003528703935444355, 0.003648195881396532, 0.0037676875945180655]}, "_wandb": {"runtime": 5502}}