{"gradients/gap.weight": {"_type": "histogram", "values": [1.0, 1.0, 2.0, 1.0, 2.0, 0.0, 2.0, 4.0, 3.0, 3.0, 3.0, 4.0, 4.0, 7.0, 8.0, 10.0, 6.0, 11.0, 18.0, 26.0, 28.0, 53.0, 66.0, 100.0, 144.0, 192.0, 273.0, 402.0, 521.0, 684.0, 1108.0, 1489.0, 2012.0, 2975.0, 2986.0, 1942.0, 1456.0, 1057.0, 772.0, 545.0, 430.0, 294.0, 222.0, 147.0, 118.0, 91.0, 79.0, 46.0, 32.0, 25.0, 16.0, 22.0, 8.0, 12.0, 3.0, 5.0, 3.0, 0.0, 3.0, 0.0, 1.0, 1.0, 0.0, 1.0], "bins": [-0.009800461120903492, -0.009512634016573429, -0.009224805980920792, -0.008936978876590729, -0.008649150840938091, -0.008361323736608028, -0.008073495700955391, -0.007785668596625328, -0.007497841026633978, -0.007210013456642628, -0.0069221858866512775, -0.006634358316659927, -0.0063465312123298645, -0.006058703176677227, -0.005770876072347164, -0.005483048502355814, -0.005195220932364464, -0.004907393362373114, -0.0046195657923817635, -0.004331738222390413, -0.004043910652399063, -0.0037560833152383566, -0.00346825597807765, -0.0031804284080863, -0.0028926008380949497, -0.0026047732681035995, -0.0023169456981122494, -0.002029118360951543, -0.0017412907909601927, -0.0014534632209688425, -0.0011656357673928142, -0.0008778083138167858, -0.000589979812502861, -0.00030215230071917176, -1.4324788935482502e-05, 0.00027350272284820676, 0.000561330234631896, 0.0008491578046232462, 0.0011369852581992745, 0.0014248127117753029, 0.001712640281766653, 0.0020004678517580032, 0.0022882954217493534, 0.00257612275891006, 0.00286395032890141, 0.0031517778988927603, 0.003439605236053467, 0.003727432806044817, 0.004015260376036167, 0.004303087946027517, 0.0045909155160188675, 0.004878743086010218, 0.005166570656001568, 0.005454397760331631, 0.005742225330322981, 0.006030052900314331, 0.006317880470305681, 0.006605708040297031, 0.006893535610288382, 0.007181363180279732, 0.007469190284609795, 0.007757018320262432, 0.008044845424592495, 0.008332673460245132, 0.008620500564575195]}, "_timestamp": 1651418759, "_runtime": 3534, "Result Visualization": {"_type": "images/separated", "width": 320, "height": 320, "format": "png", "count": 4, "filenames": ["media/images/Result Visualization_28_54260d66ab231bba3991.png", "media/images/Result Visualization_28_15e141b3cb993d51ed51.png", "media/images/Result Visualization_28_55d5d33c68e7154c19fe.png", "media/images/Result Visualization_28_ec90e947d916ebcc69b1.png"], "captions": ["image", "CAM_1", "pseudo-mask", "GT"]}, "_step": 29, "Val mIoU": 0.5596264458672622, "Recall": 0.6421557788001767, "Precision": 0.786809625684368, "Train Acc": 0.49327651515151516, "Train Avg Loss": 0.24130100906993598, "Val Avg Loss": 0.38240621566691035, "Val Acc": 0.39617486338797814, "Val Pixel Acc": 0.8737333923229998, "_wandb": {"runtime": 3536}}