{"Result Visualization": {"_type": "images/separated", "width": 320, "height": 320, "format": "png", "count": 4, "filenames": ["media/images/Result Visualization_28_de8bf73cb98f61bb2c61.png", "media/images/Result Visualization_28_6cd0a4705da7636a78df.png", "media/images/Result Visualization_28_a52814c2b6391c2a55df.png", "media/images/Result Visualization_28_800d92ac48dec3fa96fd.png"], "captions": ["image", "CAM_1", "pseudo-mask", "GT"]}, "_timestamp": 1651564357, "_runtime": 5456, "_step": 29, "Val mIoU": 0.6540511383270784, "Recall": 0.7217137177135411, "Precision": 0.8530320294947022, "Train Acc": 0.8185064935064935, "Train Avg Loss": 0.033085775460595164, "Val Avg Loss": 0.024988283372682628, "Val Acc": 0.8620218579234973, "Val Pixel Acc": 0.906306519431907, "gradients/gap.weight": {"_type": "histogram", "values": [1.0, 0.0, 0.0, 1.0, 0.0, 0.0, 0.0, 2.0, 1.0, 0.0, 1.0, 2.0, 0.0, 3.0, 7.0, 8.0, 16.0, 18.0, 21.0, 17.0, 41.0, 45.0, 79.0, 120.0, 165.0, 297.0, 445.0, 645.0, 1057.0, 2538.0, 26323.0, 4930.0, 1643.0, 979.0, 494.0, 335.0, 227.0, 166.0, 89.0, 69.0, 45.0, 37.0, 20.0, 15.0, 10.0, 11.0, 9.0, 8.0, 6.0, 2.0, 1.0, 1.0, 1.0, 4.0, 1.0, 0.0, 2.0, 1.0, 0.0, 0.0, 0.0, 0.0, 0.0, 1.0], "bins": [-0.005405763164162636, -0.005229854490607977, -0.005053946282714605, -0.0048780376091599464, -0.0047021289356052876, -0.004526220262050629, -0.004350312054157257, -0.004174403380602598, -0.003998494707047939, -0.003822586266323924, -0.003646677592769265, -0.00347076915204525, -0.003294860478490591, -0.003118952037766576, -0.0029430435970425606, -0.0027671349234879017, -0.0025912264827638865, -0.002415318042039871, -0.0022394093684852123, -0.002063500927761197, -0.0018875922542065382, -0.001711683813482523, -0.001535775256343186, -0.0013598666992038488, -0.0011839581420645118, -0.0010080495849251747, -0.0008321410277858377, -0.0006562325288541615, -0.00048032397171482444, -0.0003044154145754874, -0.00012850691564381123, 4.740164149552584e-05, 0.0002233101986348629, 0.00039921875577419996, 0.000575127312913537, 0.0007510358118452132, 0.0009269443689845502, 0.0011028528679162264, 0.0012787614250555634, 0.0014546699821949005, 0.0016305785393342376, 0.0018064870964735746, 0.00198239553719759, 0.0021583042107522488, 0.002334212651476264, 0.002510121325030923, 0.002686029765754938, 0.002861938439309597, 0.0030378468800336123, 0.0032137553207576275, 0.0033896639943122864, 0.0035655724350363016, 0.0037414811085909605, 0.003917389549314976, 0.004093298222869635, 0.0042692068964242935, 0.004445115104317665, 0.004621023777872324, 0.004796931985765696, 0.0049728406593203545, 0.005148749332875013, 0.005324658006429672, 0.005500566214323044, 0.005676474887877703, 0.005852383561432362]}, "_wandb": {"runtime": 5458}}