{"Result Visualization": {"_type": "images/separated", "width": 320, "height": 320, "format": "png", "count": 4, "filenames": ["media/images/Result Visualization_28_dba1752f4c818f6dd141.png", "media/images/Result Visualization_28_817e9e1ce92d6b35766a.png", "media/images/Result Visualization_28_46433fa01d3dacbcb691.png", "media/images/Result Visualization_28_8d315ed8149e331063ec.png"], "captions": ["image", "CAM_1", "pseudo-mask", "GT"]}, "_timestamp": 1651432795, "_runtime": 3537, "_step": 29, "Val mIoU": 0.5668586317650784, "Recall": 0.6369388899658851, "Precision": 0.8177168626269703, "Train Acc": 0.6170995670995671, "Train Avg Loss": 0.15566267284660254, "Val Avg Loss": 0.07635995490690235, "Val Acc": 0.7219945355191257, "Val Pixel Acc": 0.8772970870610179, "gradients/gap.weight": {"_type": "histogram", "values": [1.0, 0.0, 0.0, 0.0, 0.0, 1.0, 1.0, 2.0, 0.0, 1.0, 0.0, 1.0, 1.0, 0.0, 1.0, 3.0, 1.0, 1.0, 7.0, 4.0, 6.0, 8.0, 10.0, 25.0, 42.0, 51.0, 67.0, 95.0, 163.0, 271.0, 416.0, 693.0, 1177.0, 1689.0, 2467.0, 3199.0, 3734.0, 3900.0, 3456.0, 2649.0, 2031.0, 1395.0, 1018.0, 719.0, 473.0, 288.0, 224.0, 154.0, 80.0, 62.0, 37.0, 27.0, 18.0, 11.0, 13.0, 8.0, 9.0, 4.0, 2.0, 0.0, 2.0, 1.0, 0.0, 1.0], "bins": [-0.007496672682464123, -0.0072963666170835495, -0.0070960610173642635, -0.006895755417644978, -0.006695449352264404, -0.006495143286883831, -0.006294837687164545, -0.006094532087445259, -0.005894226022064686, -0.0056939199566841125, -0.005493614356964827, -0.005293308757245541, -0.005093002691864967, -0.004892696626484394, -0.004692391026765108, -0.004492085427045822, -0.004291779361665249, -0.004091473296284676, -0.0038911676965653896, -0.00369086186401546, -0.0034905560314655304, -0.0032902501989156008, -0.003089944366365671, -0.0028896385338157415, -0.002689332701265812, -0.0024890268687158823, -0.0022887210361659527, -0.002088415203616023, -0.0018881093710660934, -0.0016878035385161638, -0.0014874977059662342, -0.0012871918734163046, -0.0010868855752050877, -0.000886579742655158, -0.0006862739101052284, -0.0004859680775552988, -0.0002856622450053692, -8.535641245543957e-05, 0.00011494942009449005, 0.00031525525264441967, 0.0005155610851943493, 0.0007158669177442789, 0.0009161727502942085, 0.0011164785828441381, 0.0013167844153940678, 0.0015170902479439974, 0.001717396080493927, 0.0019177019130438566, 0.0021180077455937862, 0.002318313578143716, 0.0025186194106936455, 0.002718925243243575, 0.0029192310757935047, 0.0031195369083434343, 0.003319842740893364, 0.0035201485734432936, 0.003720454405993223, 0.003920760005712509, 0.004121066071093082, 0.004321372136473656, 0.004521677736192942, 0.004721983335912228, 0.004922289401292801, 0.005122595466673374, 0.00532290106639266]}, "_wandb": {"runtime": 3539}}