{"Result Visualization": {"_type": "images/separated", "width": 320, "height": 320, "format": "png", "count": 4, "filenames": ["media/images/Result Visualization_28_684a7a4197d050254af3.png", "media/images/Result Visualization_28_8bb7020cce7dd062b535.png", "media/images/Result Visualization_28_0b8e1f794f09d825ee7e.png", "media/images/Result Visualization_28_9eb35f0dccdce7d40cdf.png"], "captions": ["image", "CAM_1", "pseudo-mask", "GT"]}, "_timestamp": 1651414979, "_runtime": 2420, "_step": 29, "Val mIoU": 0.5738674090494671, "Recall": 0.6535039087492206, "Precision": 0.8025655472955806, "Train Acc": 0.4967532467532468, "Train Avg Loss": 0.2560512494965416, "Val Avg Loss": 0.13516337451998328, "Val Acc": 0.657103825136612, "Val Pixel Acc": 0.8770660863914413, "gradients/gap.weight": {"_type": "histogram", "values": [1.0, 1.0, 4.0, 2.0, 1.0, 2.0, 4.0, 3.0, 6.0, 4.0, 10.0, 11.0, 16.0, 23.0, 33.0, 39.0, 45.0, 45.0, 75.0, 120.0, 158.0, 246.0, 331.0, 421.0, 541.0, 708.0, 982.0, 1215.0, 1449.0, 1578.0, 1765.0, 1818.0, 1660.0, 1465.0, 1362.0, 1069.0, 876.0, 629.0, 474.0, 364.0, 274.0, 171.0, 141.0, 107.0, 65.0, 48.0, 38.0, 26.0, 11.0, 10.0, 9.0, 3.0, 7.0, 6.0, 3.0, 1.0, 3.0, 0.0, 0.0, 0.0, 0.0, 0.0, 0.0, 1.0], "bins": [-0.004162128083407879, -0.004028188064694405, -0.003894247580319643, -0.0037603075616061687, -0.003626367310062051, -0.003492427058517933, -0.003358486806973815, -0.003224546555429697, -0.0030906065367162228, -0.002956666285172105, -0.002822726033627987, -0.0026887860149145126, -0.0025548457633703947, -0.0024209055118262768, -0.002286965260282159, -0.002153025008738041, -0.002019084757193923, -0.001885144505649805, -0.001751204370521009, -0.001617264118976891, -0.001483323983848095, -0.001349383732303977, -0.001215443480759859, -0.0010815032292157412, -0.0009475630940869451, -0.000813622900750488, -0.000679682707414031, -0.0005457424558699131, -0.0004118022625334561, -0.0002778620691969991, -0.00014392181765288115, -9.981624316424131e-06, 0.00012395856902003288, 0.0002578987623564899, 0.00039183898479677737, 0.0005257792072370648, 0.0006597194005735219, 0.0007936595939099789, 0.0009275998454540968, 0.0010615400969982147, 0.0011954802321270108, 0.0013294204836711287, 0.0014633606187999249, 0.0015973008703440428, 0.0017312411218881607, 0.0018651812570169568, 0.0019991216249763966, 0.002133061643689871, 0.0022670018952339888, 0.0024009421467781067, 0.0025348823983222246, 0.0026688226498663425, 0.002802762668579817, 0.0029367029201239347, 0.0030706431716680527, 0.0032045834232121706, 0.0033385236747562885, 0.0034724639263004065, 0.0036064041778445244, 0.0037403441965579987, 0.0038742844481021166, 0.0040082246996462345, 0.004142165184020996, 0.00427610520273447, 0.004410045221447945]}, "_wandb": {"runtime": 2421}}