{"Result Visualization": {"_type": "images/separated", "width": 320, "height": 320, "format": "png", "count": 4, "filenames": ["media/images/Result Visualization_0_a74a4bd26695c60690f6.png", "media/images/Result Visualization_0_a8c48237481dcfa2b737.png", "media/images/Result Visualization_0_fb98769ad642422bc123.png", "media/images/Result Visualization_0_28253ccfd6e38bda0421.png"], "captions": ["image", "CAM_1", "pseudo-mask", "GT"]}, "_timestamp": 1651401816, "_runtime": 170, "_step": 1, "Val mIoU": 0.03497149872211619, "Recall": 0.047619047619047616, "Precision": 0.7344014731644399, "Train Acc": 0.0, "Train Avg Loss": 0.2548433424360336, "Val Avg Loss": 0.25224878512770754, "Val Acc": 0.0, "Val Pixel Acc": 0.7344014731644399}