{"Result Visualization": {"_type": "images/separated", "width": 320, "height": 320, "format": "png", "count": 4, "filenames": ["media/images/Result Visualization_28_49b936a28bb23d9d8249.png", "media/images/Result Visualization_28_3052d4da2bb550b8d74f.png", "media/images/Result Visualization_28_22d0d99b71503fdce204.png", "media/images/Result Visualization_28_2fcbfe4614fd1d41f6b8.png"], "captions": ["image", "CAM_1", "pseudo-mask", "GT"]}, "_timestamp": 1651422503, "_runtime": 2419, "_step": 29, "Val mIoU": 0.3657314992675974, "Recall": 0.39389135286068044, "Precision": 0.8708266747684221, "Train Acc": 0.6442640692640693, "Train Avg Loss": 0.11395179067441408, "Val Avg Loss": 0.0961043008404677, "Val Acc": 0.6741803278688525, "Val Pixel Acc": 0.8344440878438609, "gradients/gap.weight": {"_type": "histogram", "values": [1.0, 1.0, 0.0, 0.0, 0.0, 2.0, 0.0, 0.0, 2.0, 4.0, 3.0, 6.0, 7.0, 13.0, 18.0, 21.0, 26.0, 32.0, 44.0, 74.0, 87.0, 132.0, 180.0, 245.0, 368.0, 579.0, 812.0, 1130.0, 1333.0, 1612.0, 1831.0, 2047.0, 1798.0, 1571.0, 1258.0, 1019.0, 837.0, 670.0, 504.0, 446.0, 326.0, 277.0, 212.0, 169.0, 138.0, 120.0, 73.0, 58.0, 62.0, 58.0, 40.0, 52.0, 39.0, 26.0, 36.0, 22.0, 10.0, 8.0, 12.0, 16.0, 8.0, 2.0, 1.0, 2.0], "bins": [-0.0036960456054657698, -0.0035801944322884083, -0.003464343026280403, -0.0033484918531030416, -0.00323264067992568, -0.0031167895067483187, -0.003000938333570957, -0.002885086927562952, -0.0027692357543855906, -0.002653384581208229, -0.002537533175200224, -0.0024216820020228624, -0.002305830828845501, -0.0021899796556681395, -0.002074128482490778, -0.001958277076482773, -0.0018424259033054113, -0.0017265747301280499, -0.0016107234405353665, -0.0014948721509426832, -0.0013790209777653217, -0.0012631698045879602, -0.001147318514995277, -0.0010314672254025936, -0.0009156160522252321, -0.0007997648208402097, -0.0006839135894551873, -0.0005680623580701649, -0.0004522111266851425, -0.0003363598953001201, -0.0002205086639150977, -0.00010465743253007531, 1.1194031685590744e-05, 0.00012704526307061315, 0.00024289649445563555, 0.00035874772584065795, 0.00047459895722568035, 0.0005904501886107028, 0.0007063014199957252, 0.0008221526513807476, 0.00093800388276577, 0.0010538550559431314, 0.0011697063455358148, 0.001285557635128498, 0.0014014088083058596, 0.001517259981483221, 0.0016331112710759044, 0.0017489625606685877, 0.0018648137338459492, 0.0019806649070233107, 0.002096516080200672, 0.0022123674862086773, 0.0023282186593860388, 0.0024440698325634003, 0.0025599212385714054, 0.002675772411748767, 0.0027916235849261284, 0.00290747475810349, 0.0030233259312808514, 0.0031391773372888565, 0.003255028510466218, 0.0033708796836435795, 0.0034867310896515846, 0.003602582262828946, 0.0037184334360063076]}, "_wandb": {"runtime": 2421}}